{
    "keyboard_name": "Softkeys",
    "manufacturer": "Nixdorf",
    "url": "https://keebal.com",
    "maintainer": "Alectardy98",
    "usb": {
        "vid": "0x7281",
        "pid": "0x1234",
        "device_version": "0.0.1"
    },
    "url": "https://github.com/alectardy98",
    "maintainer": "Alectardy98",
    "debounce": 6,
    "diode_direction": "ROW2COL",
    "matrix_pins": {
        "cols": ["GP7", "GP3", "GP8", "GP12", "GP6", "GP2", "GP9", "GP13", "GP5", "GP1", "GP10", "GP14", "GP4", "GP0", "GP11", "GP15"]
        "rows": ["GP27", "GP22", "GP20", "GP21", "GP19", "GP17", "GP18", "GP26", "GP28"],
    },
    "layouts": {
        "LAYOUT": {
            "layout": [
                {"label":"8,4", "x":0, "y":0},
                {"label":"8,8", "x":1, "y":0},
                {"label":"8,12", "x":2, "y":0},
                {"label":"8,5", "x":3, "y":0},
                {"label":"8,13", "x":4, "y":0}, 
                {"label":"8,9", "x":5, "y":0}, 
                {"label":"0,0", "x":0, "y":1.5}, 
                {"label":"1,0", "x":1, "y":1.5}, 
                {"label":"7,0", "x":2.75, "y":1.5, "w":1.5}, 
                {"label":"7,1", "x":4.25, "y":1.5, "w":1.5}, 
                {"label":"7,2", "x":5.75, "y":1.5, "w":1.5}, 
                {"label":"7,4", "x":7.75, "y":1.5, "w":1.5}, 
                {"label":"7,5", "x":9.25, "y":1.5, "w":1.5}, 
                {"label":"7,7", "x":10.75, "y":1.5, "w":1.5}, 
                {"label":"7,9", "x":12.75, "y":1.5, "w":1.5}, 
                {"label":"7,10", "x":14.25, "y":1.5, "w":1.5}, 
                {"label":"1,11", "x":15.75, "y":1.5, "w":1.5}, 
                {"label":"7,12", "x":17.75, "y":1.5}, 
                {"label":"1,12", "x":18.75, "y":1.5}, 
                {"label":"7,13", "x":19.75, "y":1.5}, 
                {"label":"1,13", "x":20.75, "y":1.5}, 
                {"label":"7,14", "x":21.75, "y":1.5}, 
                {"label":"1,14", "x":22.75, "y":1.5}, 
                {"label":"7,15", "x":23.75, "y":1.5}, 
                {"label":"1,15", "x":24.75, "y":1.5}, 
                {"label":"2,0", "x":0, "y":3}, 
                {"label":"3,0", "x":1, "y":3}, 
                {"label":"0,1", "x":2.5, "y":3}, 
                {"label":"3,1", "x":3.5, "y":3}, 
                {"label":"3,2", "x":4.5, "y":3}, 
                {"label":"1,2", "x":5.5, "y":3}, 
                {"label":"1,3", "x":6.5, "y":3}, 
                {"label":"1,4", "x":7.5, "y":3}, 
                {"label":"1,5", "x":8.5, "y":3}, 
                {"label":"1,6", "x":9.5, "y":3}, 
                {"label":"1,7", "x":10.5, "y":3}, 
                {"label":"1,8", "x":11.5, "y":3}, 
                {"label":"1,9", "x":12.5, "y":3}, 
                {"label":"3,9", "x":13.5, "y":3}, 
                {"label":"1,10", "x":14.5, "y":3}, 
                {"label":"3,10", "x":15.5, "y":3, "w":1.75}, 
                {"label":"3,11", "x":17.75, "y":3}, 
                {"label":"0,11", "x":18.75, "y":3}, 
                {"label":"3,12", "x":19.75, "y":3}, 
                {"label":"3,13", "x":21.25, "y":3}, 
                {"label":"3,14", "x":22.25, "y":3}, 
                {"label":"3,15", "x":23.25, "y":3}, 
                {"label":"0,15", "x":24.75, "y":3}, 
                {"label":"4,0", "x":0, "y":4}, 
                {"label":"4,1", "x":1, "y":4}, 
                {"label":"2,1", "x":2.5, "y":4, "w":1.5}, 
                {"label":"0,2", "x":4, "y":4}, 
                {"label":"2,3", "x":5, "y":4}, 
                {"label":"0,3", "x":6, "y":4}, 
                {"label":"3,3", "x":7, "y":4}, 
                {"label":"3,4", "x":8, "y":4}, 
                {"label":"3,5", "x":9, "y":4}, 
                {"label":"3,6", "x":10, "y":4}, 
                {"label":"3,7", "x":11, "y":4}, 
                {"label":"3,8", "x":12, "y":4}, 
                {"label":"0,8", "x":13, "y":4}, 
                {"label":"0,9", "x":14, "y":4}, 
                {"label":"2,9", "x":15, "y":4}, 
                {"label":"0,10", "x":16.25, "y":4, "h":2}, 
                {"label":"2,10", "x":17.75, "y":4}, 
                {"label":"2,11", "x":18.75, "y":4}, 
                {"label":"0,12", "x":19.75, "y":4}, 
                {"label":"0,13", "x":21.25, "y":4}, 
                {"label":"0,14", "x":22.25, "y":4}, 
                {"label":"2,15", "x":23.25, "y":4}, 
                {"label":"4,15", "x":24.75, "y":4}, 
                {"label":"5,0", "x":0, "y":5},
                 {"label":"5,1", "x":1, "y":5}, 
                 {"label":"2,2", "x":2.5, "y":5, "w":1.75}, 
                 {"label":"4,3", "x":4.25, "y":5}, 
                 {"label":"4,4", "x":5.25, "y":5}, 
                 {"label":"2,4", "x":6.25, "y":5}, 
                 {"label":"0,4", "x":7.25, "y":5}, 
                 {"label":"0,5", "x":8.25, "y":5}, 
                 {"label":"0,6", "x":9.25, "y":5}, 
                 {"label":"0,7", "x":10.25, "y":5}, 
                 {"label":"2,7", "x":11.25, "y":5}, 
                 {"label":"4,7", "x":12.25, "y":5}, 
                 {"label":"2,8", "x":13.25, "y":5}, 
                 {"label":"4,8", "x":14.25, "y":5}, 
                 {"label":"4,9", "x":15.25, "y":5}, 
                 {"label":"4,10", "x":17.75, "y":5}, 
                 {"label":"4,11", "x":18.75, "y":5}, 
                 {"label":"2,12", "x":19.75, "y":5}, 
                 {"label":"2,13", "x":21.25, "y":5}, 
                 {"label":"2,14", "x":22.25, "y":5}, 
                 {"label":"4,14", "x":23.25, "y":5}, 
                 {"label":"5,15", "x":24.75, "y":5}, 
                 {"label":"6,0", "x":0, "y":6}, 
                 {"label":"6,1", "x":1, "y":6}, 
                 {"label":"4,2", "x":2.5, "y":6, "w":1.25}, 
                 {"label":"5,3", "x":3.75, "y":6}, 
                 {"label":"5,4", "x":4.75, "y":6}, 
                 {"label":"6,5", "x":5.75, "y":6}, 
                 {"label":"5,5", "x":6.75, "y":6}, 
                 {"label":"4,5", "x":7.75, "y":6}, 
                 {"label":"2,5", "x":8.75, "y":6}, 
                 {"label":"2,6", "x":9.75, "y":6}, 
                 {"label":"4,6", "x":10.75, "y":6}, 
                 {"label":"5,6", "x":11.75, "y":6}, 
                 {"label":"5,7", "x":12.75, "y":6}, 
                 {"label":"6,7", "x":13.75, "y":6}, 
                 {"label":"5,8", "x":14.75, "y":6, "w":1.5}, 
                 {"label":"5,9", "x":16.25, "y":6}, 
                 {"label":"5,10", "x":17.75, "y":6}, 
                 {"label":"5,11", "x":18.75, "y":6}, 
                 {"label":"4,12", "x":19.75, "y":6}, 
                 {"label":"4,13", "x":21.25, "y":6}, 
                 {"label":"5,13", "x":22.25, "y":6}, 
                 {"label":"5,14", "x":23.25, "y":6}, 
                 {"label":"6,15", "x":24.75, "y":6, "h":2}, 
                 {"label":"6,2", "x":0, "y":7}, 
                 {"label":"5,2", "x":1, "y":7}, 
                 {"label":"6,3", "x":2.5, "y":7, "w":1.75}, 
                 {"label":"6,4", "x":4.25, "y":7, "w":1.75}, 
                 {"label":"6,6", "x":6, "y":7, "w":8}, 
                 {"label":"6,8", "x":14, "y":7, "w":1.75}, 
                 {"label":"6,9", "x":15.75, "y":7, "w":1.5}, 
                 {"label":"6,10", "x":17.75, "y":7}, 
                 {"label":"6,11", "x":18.75, "y":7}, 
                 {"label":"5,12", "x":19.75, "y":7}, 
                 {"label":"6,12", "x":21.25, "y":7}, 
                 {"label":"6,13", "x":22.25, "y":7}, 
                 {"label":"6,14", "x":23.25, "y":7}
            ]
        }
    }
}

