{
  "name": "Nixdorf Softkeys",
  "vendorId": "0x7281",
  "productId": "0x1234",
  "lighting": "none",
  "matrix": { "rows": 9, "cols": 16 },
  "layouts": {
    "labels": [
      "Weird Alpha 2u",
      "2u Numpad Plus",
      "Split Numpad Zero"
  ],
"keymap": [
  [
    "8,4",
    "8,8",
    "8,12",
    "8,5",
    "8,13",
    "8,9"
  ],
  [
    {
      "y": 0.5
    },
    "0,0",
    "1,0",
    {
      "x": 0.75,
      "c": "#a1a1a1",
      "w": 1.5
    },
    "7,0",
    {
      "w": 1.5
    },
    "7,1",
    {
      "w": 1.5
    },
    "7,2",
    {
      "x": 0.5,
      "w": 1.5
    },
    "7,4",
    {
      "w": 1.5
    },
    "7,5",
    {
      "w": 1.5
    },
    "7,7",
    {
      "x": 0.5,
      "w": 1.5
    },
    "7,9",
    {
      "w": 1.5
    },
    "7,10",
    {
      "w": 1.5
    },
    "1,11",
    {
      "x": 0.5,
      "c": "#cccccc"
    },
    "7,12",
    "1,12",
    "7,13",
    "1,13",
    "7,14",
    "1,14",
    "7,15",
    "1,15"
  ],
  [
    {
      "y": 0.5
    },
    "2,0",
    "3,0",
    {
      "x": 0.5
    },
    "0,1",
    "3,1",
    "3,2",
    "1,2",
    "1,3",
    "1,4",
    "1,5",
    "1,6",
    "1,7",
    "1,8",
    "1,9",
    "3,9",
    "1,10",
    {
      "w": 1.75
    },
    "3,10",
    {
      "x": 0.5
    },
    "3,11",
    "0,11",
    "3,12",
    {
      "x": 0.5
    },
    "3,13",
    "3,14",
    "3,15",
    {
      "x": 0.5
    },
    "0,15"
  ],
  [
    "4,0",
    "4,1",
    {
      "x": 0.5,
      "w": 1.5
    },
    "2,1",
    "0,2",
    "2,3",
    "0,3",
    "3,3",
    "3,4",
    "3,5",
    "3,6",
    "3,7",
    "3,8",
    "0,8",
    "0,9",
    "2,9",
    {
      "x": 0.25,
      "h": 2,
      "h2": 1,
      "x2": -0.25
    },
    "0,10",
    {
      "x": 0.5
    },
    "2,10",
    "2,11",
    "0,12",
    {
      "x": 0.5
    },
    "0,13",
    "0,14",
    "2,15",
    {
      "x": 0.5
    },
    "4,15\n\n\n1,0",
    {
      "h": 2
    },
    "4,15\n\n\n1,1"
  ],
  [
    "5,0",
    "5,1",
    {
      "x": 0.5,
      "w": 1.75
    },
    "2,2",
    "4,3",
    "4,4",
    "2,4",
    "0,4",
    "0,5",
    "0,6",
    "0,7",
    "2,7",
    "4,7",
    "2,8\n\n\n0,0",
    "4,8\n\n\n0,0",
    "4,9",
    {
      "x": 1.5
    },
    "4,10",
    "4,11",
    "2,12",
    {
      "x": 0.5
    },
    "2,13",
    "2,14",
    "4,14",
    {
      "x": 0.5
    },
    "5,15\n\n\n1,0"
  ],
  [
    "6,0",
    "6,1",
    {
      "x": 0.5,
      "w": 1.25
    },
    "4,2",
    "5,3",
    "5,4",
    "6,5",
    "5,5",
    "4,5",
    "2,5",
    "2,6",
    "4,6",
    "5,6",
    "5,7",
    "6,7",
    {
      "w": 1.5
    },
    "5,8",
    "5,9",
    {
      "x": 0.5
    },
    "5,10",
    "5,11",
    "4,12",
    {
      "x": 0.5
    },
    "4,13",
    "5,13",
    "5,14",
    {
      "x": 0.5,
      "h": 2
    },
    "6,15"
  ],
  [
    "6,2",
    "5,2",
    {
      "x": 0.5,
      "c": "#a1a1a1",
      "w": 1.75
    },
    "6,3",
    {
      "w": 1.75
    },
    "6,4",
    {
      "c": "#cccccc",
      "w": 8
    },
    "6,6",
    {
      "c": "#a1a1a1",
      "w": 1.75
    },
    "6,8",
    {
      "w": 1.5
    },
    "6,9",
    {
      "x": 0.5,
      "c": "#cccccc"
    },
    "6,10",
    "6,11",
    "5,12",
    {
      "x": 0.5,
      "w": 2
    },
    "6,12\n\n\n2,0",
    "6,14"
  ],
  [
    {
      "y": 0.5,
      "x": 13.25,
      "w": 2
    },
    "2,8\n\n\n0,1",
    {
      "x": 6
    },
    "6,12\n\n\n2,1",
    "6,13\n\n\n2,1"
  ]
]
  }
}
