{
  "name": "Nixdorf Softkeys",
  "vendorId": "0x7281",
  "productId": "0x1234",
  "lighting": "none",
  "matrix": { "rows": 16, "cols": 9 },
  "layouts": {
    "labels": [
      "Weird Alpha 2u",
      "2u Numpad Plus",
      "Split Numpad Zero"
  ],
"keymap": [
    [
      "4,8",
      "8,8",
      "12,8",
      "5,8",
      "13,8",
      "9,8"
    ],
    [
      {
        "y": 0.5
      },
      "0,0",
      "0,1",
      {
        "x": 0.75,
        "w": 1.5
      },
      "0,7",
      {
        "w": 1.5
      },
      "1,7",
      {
        "w": 1.5
      },
      "2,7",
      {
        "x": 0.5,
        "w": 1.5
      },
      "4,7",
      {
        "w": 1.5
      },
      "5,7",
      {
        "w": 1.5
      },
      "7,7",
      {
        "x": 0.5,
        "w": 1.5
      },
      "9,7",
      {
        "w": 1.5
      },
      "10,7",
      {
        "w": 1.5
      },
      "11,1",
      {
        "x": 0.5
      },
      "12,7",
      "12,1",
      "13,7",
      "13,1",
      "14,7",
      "14,1",
      "15,7",
      "15,1"
    ],
    [
      {
        "y": 0.5
      },
      "0,2",
      "0,3",
      {
        "x": 0.5
      },
      "1,0",
      "1,3",
      "2,3",
      "2,1",
      "3,1",
      "4,1",
      "5,1",
      "6,1",
      "7,1",
      "8,1",
      "9,1",
      "9,3",
      "10,1",
      {
        "w": 1.75
      },
      "10,3",
      {
        "x": 0.5
      },
      "11,3",
      "11,0",
      "12,3",
      {
        "x": 0.5
      },
      "13,3",
      "14,3",
      "15,3",
      {
        "x": 0.5
      },
      "15,0"
    ],
    [
      "0,4",
      "1,4",
      {
        "x": 0.5,
        "w": 1.5
      },
      "1,2",
      "2,0",
      "3,2",
      "3,0",
      "3,3",
      "4,3",
      "5,3",
      "6,3",
      "7,3",
      "8,3",
      "8,0",
      "9,0",
      "9,2",
      {
        "x": 0.25,
        "h": 2,
        "h2": 1,
        "x2": -0.25
      },
      "10,0",
      {
        "x": 0.5
      },
      "10,2",
      "11,2",
      "12,0",
      {
        "x": 0.5
      },
      "13,0",
      "14,0",
      "15,2",
      {
        "x": 0.5
      },
      "15,4\n\n\n1,0",
      {
        "h": 2
      },
      "15,4\n\n\n1,1"
    ],
    [
      "0,5",
      "1,5",
      {
        "x": 0.5,
        "w": 1.75
      },
      "2,2",
      "3,4",
      "4,4",
      "4,2",
      "4,0",
      "5,0",
      "6,0",
      "7,0",
      "7,2",
      "7,4",
      "8,2\n\n\n0,0",
      "8,4\n\n\n0,0",
      "9,4",
      {
        "x": 1.5
      },
      "10,4",
      "11,4",
      "12,2",
      {
        "x": 0.5
      },
      "13,2",
      "14,2",
      "14,4",
      {
        "x": 0.5
      },
      "15,5\n\n\n1,0"
    ],
    [
      "0,6",
      "1,6",
      {
        "x": 0.5,
        "w": 1.25
      },
      "2,4",
      "3,5",
      "4,5",
      "5,6",
      "5,5",
      "5,4",
      "5,2",
      "6,2",
      "6,4",
      "6,5",
      "7,5",
      "7,6",
      {
        "w": 1.5
      },
      "8,5",
      "9,5",
      {
        "x": 0.5
      },
      "10,5",
      "11,5",
      "12,4",
      {
        "x": 0.5
      },
      "13,4",
      "13,5",
      "14,5",
      {
        "x": 0.5,
        "h": 2
      },
      "15,6"
    ],
    [
      "2,6",
      "2,5",
      {
        "x": 0.5,
        "w": 1.75
      },
      "3,6",
      {
        "w": 1.75
      },
      "4,6",
      {
        "w": 8
      },
      "6,6",
      {
        "w": 1.75
      },
      "8,6",
      {
        "w": 1.5
      },
      "9,6",
      {
        "x": 0.5
      },
      "10,6",
      "11,6",
      "12,5",
      {
        "x": 0.5,
        "w": 2
      },
      "12,6\n\n\n2,0",
      "14,6"
    ],
    [
      {
        "y": 0.5,
        "x": 13.25,
        "w": 2
      },
      "8,2\n\n\n0,1",
      {
        "x": 6
      },
      "12,6\n\n\n2,1",
      "13,6\n\n\n2,1"
    ]
  ]

  }
}
