{
    "keyboard_name": "Computecal",
    "manufacturer": "Alectardy98",
    "url": "https://keebal.com",
    "maintainer": "Alectardy98",
    "usb": {
        "vid": "0x7281",
        "pid": "0x1001",
        "device_version": "0.0.1"
    },
    "url": "https://github.com/alectardy98",
    "maintainer": "Alectardy98",
    "processor": "atmega32u4",
    "bootloader": "atmel-dfu",
    "debounce": 6,
    "diode_direction": "COL2ROW",
    "matrix_pins": {
        "cols": ["C7", "F6", "F5", "F4", "F1", "F0", "E6", "B0", "B3", "D1"]
        "rows": ["D6", "D4", "D5", "D7", "D3", "B4", "D2", "B6", "F7", "D0", "B7"],
    },
    "layouts": {
        "LAYOUT": {
            "layout": [
                {"label":"0,0", "x":0, "y":0},
                {"label":"1,0", "x":1, "y":0},
                {"label":"0,1", "x":2, "y":0},
                {"label":"1,1", "x":3, "y":0},
                {"label":"0,2", "x":4, "y":0},
                {"label":"1,2", "x":5, "y":0},
                {"label":"0,3", "x":6, "y":0},
                {"label":"1,3", "x":7, "y":0},
                {"label":"0,4", "x":8, "y":0},
                {"label":"1,4", "x":9, "y":0},
                {"label":"0,5", "x":10, "y":0},
                {"label":"1,5", "x":11, "y":0},
                {"label":"0,6", "x":12, "y":0},
                {"label":"1,6", "x":13, "y":0},
                {"label":"0,7", "x":14, "y":0},
                {"label":"0,8", "x":15.75, "y":0},
                {"label":"1,8", "x":16.75, "y":0},
                {"label":"0,9", "x":17.75, "y":0},
                {"label":"1,9", "x":18.75, "y":0},
                {"label":"2,0", "x":0, "y":1.25},
                {"label":"3,0", "x":1, "y":1.25},
                {"label":"2,1", "x":2, "y":1.25},
                {"label":"3,1", "x":3, "y":1.25},
                {"label":"2,2", "x":4, "y":1.25},
                {"label":"3,2", "x":5, "y":1.25},
                {"label":"2,3", "x":6, "y":1.25},
                {"label":"3,3", "x":7, "y":1.25},
                {"label":"2,4", "x":8, "y":1.25},
                {"label":"3,4", "x":9, "y":1.25},
                {"label":"2,5", "x":10, "y":1.25},
                {"label":"3,5", "x":11, "y":1.25},
                {"label":"2,6", "x":12, "y":1.25},
                {"label":"3,6", "x":13, "y":1.25},
                {"label":"1,7", "x":14, "y":1.25, "w":1.5},
                {"label":"2,8", "x":15.75, "y":1.25},
                {"label":"3,8", "x":16.75, "y":1.25},
                {"label":"2,9", "x":17.75, "y":1.25},
                {"label":"3,9", "x":18.75, "y":1.25},
                {"label":"4,0", "x":0, "y":2.25, "w":1.5},
                {"label":"5,0", "x":1.5, "y":2.25},
                {"label":"4,1", "x":2.5, "y":2.25},
                {"label":"5,1", "x":3.5, "y":2.25},
                {"label":"4,2", "x":4.5, "y":2.25},
                {"label":"5,2", "x":5.5, "y":2.25},
                {"label":"4,3", "x":6.5, "y":2.25},
                {"label":"4,4", "x":7.5, "y":2.25},
                {"label":"5,4", "x":8.5, "y":2.25},
                {"label":"4,5", "x":9.5, "y":2.25},
                {"label":"5,5", "x":10.5, "y":2.25},
                {"label":"4,6", "x":11.5, "y":2.25},
                {"label":"5,6", "x":12.5, "y":2.25},
                {"label":"3,7", "x":13.5, "y":2.25},
                {"label":"2,7", "x":14.5, "y":2.25},
                {"label":"4,8", "x":15.75, "y":2.25},
                {"label":"5,8", "x":16.75, "y":2.25},
                {"label":"4,9", "x":17.75, "y":2.25},
                {"label":"5,9", "x":18.75, "y":2.25},
                {"label":"6.0", "x":0, "y":3.25, "w":1.75},
                {"label":"7,0", "x":1.75, "y":3.25},
                {"label":"6,1", "x":2.75, "y":3.25},
                {"label":"6,2", "x":3.75, "y":3.25},
                {"label":"7,2", "x":4.75, "y":3.25},
                {"label":"5,3", "x":5.75, "y":3.25},
                {"label":"6,3", "x":6.75, "y":3.25},
                {"label":"6.4", "x":7.75, "y":3.25},
                {"label":"7,4", "x":8.75, "y":3.25},
                {"label":"6,5", "x":9.75, "y":3.25},
                {"label":"7,5", "x":10.75, "y":3.25},
                {"label":"6,6", "x":11.75, "y":3.25},
                {"label":"5,7", "x":12.75, "y":3.25, "w":1.75},
                {"label":"4,7", "x":14.5, "y":3.25},
                {"label":"6,8", "x":15.75, "y":3.25},
                {"label":"7,8", "x":16.75, "y":3.25},
                {"label":"6,9", "x":17.75, "y":3.25},
                {"label":"7,9", "x":18.75, "y":3.25},
                {"label":"8,0", "x":0.25, "y":4.25},
                {"label":"9,0", "x":1.25, "y":4.25},
                {"label":"7,1", "x":2.25, "y":4.25},
                {"label":"8,1", "x":3.25, "y":4.25},
                {"label":"8,2", "x":4.25, "y":4.25},
                {"label":"9,2", "x":5.25, "y":4.25},
                {"label":"7,3", "x":6.25, "y":4.25},
                {"label":"8,3", "x":7.25, "y":4.25},
                {"label":"8,4", "x":8.25, "y":4.25},
                {"label":"9,4", "x":9.25, "y":4.25},
                {"label":"8,5", "x":10.25, "y":4.25},
                {"label":"9,5", "x":11.25, "y":4.25},
                {"label":"7,6", "x":12.25, "y":4.25},
                {"label":"7,7", "x":13.25, "y":4.25},
                {"label":"6,7", "x":14.25, "y":4.25},
                {"label":"8,7", "x":15.75, "y":4.25},
                {"label":"8,8", "x":16.75, "y":4.25},
                {"label":"9,8", "x":17.75, "y":4.25},
                {"label":"8,9", "x":18.75, "y":4.25},
                {"label":"9,1", "x":2.25, "y":5.25},
                {"label":"9,3", "x":3.25, "y":5.25, "w":8},
                {"label":"9,6", "x":11.25, "y":5.25},
                {"label":"10,6", "x":12.25, "y":5.25},
                {"label":"10,8", "x":15.75, "y":5.25},
                {"label":"9,7", "x":16.75, "y":5.25},
                {"label":"9,9", "x":17.75, "y":5.25},
                {"label":"10,9", "x":18.75, "y":5.25}]
        }
    }
}
