{
  "name": "computecal",
  "vendorId": "0x7281",
  "productId": "0x1001",

  "matrix": { "rows": 11, "cols": 10 },
  "layouts": {
    "labels": [
      "Split LShift",
      "Split RShift",
      "Split Set Up",
      "Split Numpad Enter",
      "Split Numpad Zero"
    ],
"keymap": [
    [
      "0,0",
      "1,0",
      "0,1",
      "1,1",
      "0,2",
      "1,2",
      "0,3",
      "1,3",
      "0,4",
      "1,4",
      "0,5",
      "1,5",
      "0,6",
      "1,6",
      "0,7",
      {
        "x": 0.75
      },
      "0,8",
      "1,8",
      "0,9",
      "1,9"
    ],
    [
      {
        "y": 0.25
      },
      "2,0",
      "3,0",
      "2,1",
      "3,1",
      "2,2",
      "3,2",
      "2,3",
      "3,3",
      "2,4",
      "3,4",
      "2,5",
      "3,5",
      "2,6",
      "3,6",
      {
        "w": 1.5
      },
      "1,7",
      {
        "x": 0.25
      },
      "2,8",
      "3,8",
      "2,9",
      "3,9"
    ],
    [
      {
        "w": 1.5
      },
      "4,0",
      "5,0",
      "4,1",
      "5,1",
      "4,2",
      "5,2",
      "4,3",
      "4,4",
      "5,4",
      "4,5",
      "5,5",
      "4,6",
      "5,6",
      "3,7",
      "2,7",
      {
        "x": 0.25
      },
      "4,8",
      "5,8",
      "4,9",
      "5,9"
    ],
    [
      {
        "w": 1.75
      },
      "6,0",
      "7,0",
      "6,1",
      "6,2",
      "7,2",
      "5,3",
      "6,3",
      "6,4",
      "7,4",
      "6,5",
      "7,5",
      "6,6",
      {
        "w": 1.75
      },
      "5,7",
      "4,7",
      {
        "x": 0.25
      },
      "6,8",
      "7,8",
      "6,9",
      "7,9"
    ],
    [
      {
        "w": 2.25
      },
      "9,0\n\n\n0,0",
      "7,1",
      "8,1",
      "8,2",
      "9,2",
      "7,3",
      "8,3",
      "8,4",
      "9,4",
      "8,5",
      "9,5",
      {
        "w": 2
      },
      "7,7\n\n\n1,0",
      "6,7",
      {
        "x": 0.5
      },
      "8,7",
      "8,8",
      "9,8",
      {
        "h": 2
      },
      "10,9\n\n\n3,0",
      {
        "x": 0.5
      },
      "8,9\n\n\n3,1"
    ],
    [
      {
        "x": 2.25
      },
      "9,1",
      {
        "w": 8
      },
      "9,3",
      {
        "w": 2
      },
      "10,6\n\n\n2,0",
      {
        "x": 2.5,
        "w": 2
      },
      "9,7\n\n\n4,0",
      "9,9",
      {
        "x": 1.5
      },
      "10,9\n\n\n3,1"
    ],
    [
      {
        "y": 0.25,
        "x": 11.25
      },
      "9,6\n\n\n2,1",
      "10,6\n\n\n2,1",
      {
        "x": 2.5
      },
      "10,8\n\n\n4,1",
      "9,7\n\n\n4,1"
    ],
    [
      {
        "y": 0.25,
        "w": 1.25
      },
      "8,0\n\n\n0,1",
      "9,0\n\n\n0,1"
    ],
    [
      {
        "y": -0.75,
        "x": 12.25
      },
      "7,6\n\n\n1,1",
      "7,7\n\n\n1,1"
    ]
  ]

  }
}
